Actual Price,Predicted Price,Difference,Percentage Error
1949592.2658062992,1848342.252162434,101250.01364386524,5.193394301961439
1092915.1594507147,1309928.5854177407,-217013.42596702604,19.856383552781374
1921988.202696351,1704577.6906029205,217410.51209343062,11.311750602237106
1628203.9683491166,1717078.3425693277,-88874.37422021106,5.458430021536145
2501666.3908155244,2401372.1157192416,100294.27509628283,4.0090987137412695
1751607.3564857263,1606093.18580637,145514.1706793562,8.307465148542379
1315959.5079021482,1378002.5070108387,-62042.999108690536,4.714658675751892
2078619.4622949196,1905399.3626618106,173220.09963310906,8.333420463689095
1686452.8577300648,1868919.9224188817,-182467.0646888169,10.81957695125936
1722593.8829462545,1672031.319030316,50562.56391593837,2.9352573706727796
1780709.5063204796,1937405.9323526826,-156696.42603220302,8.799662464653677
1801711.3567383185,1961028.2336057501,-159316.87686743168,8.842530534738199
1427309.0554301376,1452003.188232534,-24694.132802396547,1.7301181344326761
1272290.7040690978,1394432.7258126363,-122142.02174353856,9.60016616901298
2099170.8020885764,2001896.5807147115,97274.22137386492,4.633935517637804
2045489.7407657383,2157407.8926293035,-111918.1518635652,5.471459945903622
1091239.0055345458,1117882.3416944803,-26643.336159934523,2.441567431589675
1485061.277138237,1599288.3496722276,-114227.07253399072,7.691741363973219
1828353.4203524047,1930800.5700294997,-102447.149677095,5.603246535199355
2309063.690218616,2237894.9288101047,71168.76140851108,3.0821480459801878
1689650.4502458505,1865826.7513310618,-176176.30108521134,10.426789816768139
1763755.0072101324,1693253.366499619,70501.64071051334,3.9972468070852556
2731244.784745049,2479093.946555581,252150.83818946825,9.23208493057152
1519517.3518326425,1467927.7983127271,51589.553519915324,3.3951276342909003
1806542.5291861116,1896232.2973814695,-89689.76819535787,4.964719443154496
1317052.38738229,1512750.8995378956,-195698.51215560548,14.85882520926646
1527121.949422598,1489254.9508954464,37866.99852715153,2.4796316064652846
1698099.528635699,1538158.6998499352,159940.82878576382,9.418813567086069
2174155.9081011238,2174472.459377665,-316.551276541315,0.014559732140727035
1127676.8712991457,1124246.2423724942,3430.6289266515523,0.30422091770839277
2047605.4265434293,2205692.2445524493,-158086.81800902006,7.7205703774621774
2302617.207715681,2352018.9928172347,-49401.78510155389,2.1454623432855824
1742520.583920838,1677059.741320174,65460.842600664124,3.7566754278087764
1955552.0341458025,1843459.5934390447,112092.44070675783,5.732010130618719
1993293.8067623845,2038294.744539258,-45000.93777687359,2.2576168964256476
2441591.063625964,2493568.955915904,-51977.89228994027,2.1288533147212956
1310331.3079772375,1427720.4300742613,-117389.12209702376,8.95873596107825
1640177.0862513352,1587349.7146267015,52827.37162463367,3.220833412895184
2395094.1918985164,2268278.5882371576,126815.60366135882,5.29480652954346
2047522.7943739183,1958397.6344857311,89125.15988818719,4.352828702717297
2354401.9993195757,2204642.5969939446,149759.40232563112,6.3608254821781385
1677976.013599757,1784554.7876040733,-106578.77400431619,6.351626789686525
1297912.934975949,1356507.1632655798,-58594.22828963073,4.514496058298125
1953299.4022854893,1823891.0579632327,129408.34432225651,6.6251156464206264
2236563.219542862,2269547.5319984704,-32984.31245560851,1.4747766648130016
2273857.7542303507,2176970.62530073,96887.12892962061,4.260914243618317
2109863.826013882,2183311.811768948,-73447.98575506592,3.4811718580828757
1999221.3016804927,1988014.715199794,11206.586480698781,0.5605475727613957
1364592.8171754077,1384128.9713718118,-19536.154196404153,1.4316471514808609
2319435.137787739,2305811.1067695036,13624.031018235255,0.5873857300976203
2031958.562231951,2083113.6236929044,-51155.06146095344,2.5175248359771434
1992405.992799193,2146337.3647197615,-153931.37192056864,7.725903880880507
2480138.3091416536,2393804.281507767,86334.02763388678,3.4810166560334275
2691592.3618811546,2514291.1809565662,177301.18092458835,6.587222620912496
1554264.7665872427,1534960.6496361275,19304.116951115197,1.2420095575802035
1888997.4394272848,1732634.3436753964,156363.09575188835,8.277570550825907
2240696.9201300764,2399954.997800753,-159258.07767067663,7.1075242813932835
1469177.9352857687,1337995.0990731893,131182.8362125794,8.92899580519926
1624115.9088228813,1608673.2241090692,15442.68471381208,0.9508363676459861
1873725.829242877,1942648.4531202686,-68922.62387739168,3.6783729402524967
2136192.491541721,2085014.306138724,51178.18540299684,2.3957665615639723
1791865.1751010972,1996578.7280309012,-204713.55292980396,11.424606927708943
1775175.4393888,1782358.914790696,-7183.475401896052,0.4046628430353538
1773032.185335704,1802111.4414847903,-29079.256149086403,1.6400861975091878
1670231.1460017236,1730112.5620013368,-59881.41599961324,3.585217300189865
2172766.399210216,1926056.7093922684,246709.68981794757,11.354634806006972
2333912.215936557,2408963.380626955,-75051.16469039815,3.2156807003249464
1990481.2188855049,1851395.9196962693,139085.29918923555,6.987521302366828
2279274.884117156,2250629.5824272935,28645.301689862274,1.2567725766415234
1734820.1858952527,1817634.1731442166,-82813.98724896391,4.7736352114341924
1599937.2785464455,1824972.6487179012,-225035.37017145567,14.065262006764534
1267105.724019521,1322948.4526177752,-55842.72859825427,4.407108857586848
1780401.5817075074,1963177.2532107483,-182775.67150324094,10.265980067707453
2663633.217077217,2468805.8987754523,194827.31830176478,7.314344822428187
1536202.1058219648,1553535.7150624506,-17333.60924048582,1.1283417185013718
1777464.485851915,1571299.423137959,206165.062713956,11.598828801079748
1981367.9206278496,2026616.8258685682,-45248.90524071851,2.2837204927785537
2084615.748433232,2026326.4589501272,58289.28948310483,2.7961646901552117
2082743.4789544055,2169501.644474765,-86758.1655203593,4.1655713436161745
1797428.792611564,1564883.0022611902,232545.79035037383,12.937691401532394
1655831.2588006563,1535325.3774044022,120505.88139625406,7.277666776476867
1232704.732850938,1309751.373028087,-77046.64017714886,6.250210461913229
1851153.641620285,1645888.224820923,205265.41679936205,11.088513248403116
2108091.549158073,2187265.635253239,-79174.08609516593,3.755723328371881
1496991.4320554377,1371480.5615037126,125510.87055172515,8.384207675750888
1425136.7893777888,1310471.296500476,114665.4928773127,8.045928905349175
1998525.844861506,1946861.6694796663,51664.17538183974,2.5851141987818513
1627893.3036168907,1750654.1711420952,-122760.86752520455,7.541088058563275
2116418.862292472,2132802.593429245,-16383.731136773247,0.7741251709988375
1079395.0597760389,1090984.9723280403,-11589.91255200142,1.0737414857546397
1574665.6160466303,1578062.667745057,-3397.051698426716,0.2157316235147996
2013957.736562681,1934524.8877542126,79432.84880846832,3.944116967620195
2128674.852031378,2090104.516044382,38570.33598699607,1.8119411684780646
1552404.2797535064,1431185.171739836,121219.10801367043,7.808475510832643
1383519.3181354874,1582500.3241615193,-198981.00602603192,14.382235464134357
2126323.398524385,2054546.7653418623,71776.63318252261,3.375621659072829
1509013.4160900288,1459154.1389139635,49859.27717606537,3.3040976736479015
1582418.0373998454,1697262.0036625667,-114843.96626272122,7.257498559067704
1953296.710131965,2107977.344279161,-154680.63414719608,7.918952268994802
1683928.061709289,1706226.37428388,-22298.312574591022,1.324184392530218
2087896.7755458148,2112639.0719002397,-24742.296354424907,1.185034463591085
1639326.1654147194,1765349.94176606,-126023.77635134058,7.6875352208789325
1139963.1902797264,1191963.6709012976,-52000.48062157119,4.561592958875383
1777849.354104841,1648740.1050932729,129109.24901156803,7.262102872409873
1498432.456311872,1600315.313569094,-101882.85725722206,6.799295946110831
2639440.278799252,2616659.158557266,22781.120241986122,0.8631042128503786
1969017.7056409451,2068401.7471880433,-99384.0415470982,5.047391969222907
2295183.203777817,2257155.498816605,38027.704961211886,1.656848346511912
2240212.125627273,2215343.3525347346,24868.773092538584,1.1101079584405504
1569217.100369285,1520082.9974783552,49134.102890929906,3.131122065861195
1879387.548761797,2082918.7269250797,-203531.1781632828,10.829654495549676
2491616.3120279284,2531478.383930253,-39862.071902324446,1.5998479264201269
1414020.9953344003,1305609.5048679076,108411.49046649272,7.666893972875884
2266864.202351682,2167467.6373917144,99396.56495996751,4.384760448237344
1824500.2546779397,1858369.585528724,-33869.3308507842,1.8563620785442314
1880693.421731902,1856130.2588596612,24563.16287224088,1.3060694841810545
2366135.684712377,2293487.725066131,72647.95964624593,3.070320950553471
1819986.4020970508,1869229.990113611,-49243.5880165603,2.7057118646502056
2458138.77198372,2383876.3288247953,74262.44315892458,3.0210842449303517
2437450.0686563086,2385676.0351467095,51774.033509599045,2.124106424799113
2595065.8508701366,2580986.9364265534,14078.914443583228,0.5425262884509272
2244251.318351658,2117685.895481757,126565.42286990117,5.6395387555285055
2334015.7769460827,2315228.067296796,18787.7096492867,0.8049521273531951
1841739.0556799944,2044443.6037513195,-202704.54807132506,11.006149185259247
1780160.078206733,1704360.7726710455,75799.3055356876,4.258005022337373
2659829.4865909964,2653395.3871748727,6434.099416123703,0.24189894309240276
1983578.8107221776,1909396.4030823263,74182.40763985133,3.739826582077832
1867750.4224639277,1902555.1152664176,-34804.69280248997,1.863455223132852
2182699.431069589,1884374.4065772963,298325.0244922929,13.667709820499862
2178052.300939326,1990452.835914906,187599.46502442006,8.613175401872317
2306513.3421823657,2137948.7233665404,168564.61881582532,7.308200465744267
1645995.021569959,1841422.5325964775,-195427.51102651865,11.872910213307865
2041664.0490567775,2056852.8841078968,-15188.835051119328,0.7439438950857941
1974615.469850393,2108156.2965715257,-133540.82672113273,6.7628775708543625
2192835.647154469,2212123.1726689115,-19287.525514442474,0.8795700461852173
2262494.314159119,2305976.433594395,-43482.119435275905,1.921866462300327
2260074.4468157976,2199915.8772731423,60158.569542655256,2.661795925679007
1889512.6600808948,1971729.8783288596,-82217.21824796475,4.351239342553271
2045163.2986995536,2078526.9222331042,-33363.62353355065,1.6313427663583335
1700249.8373847732,1629468.1878189798,70781.64956579334,4.163014635229468
2367769.250415863,2188986.819963635,178782.43045222806,7.550669492849763
1882994.361797591,1792780.2473836027,90214.11441398831,4.7909922750839185
2099596.0714019765,2033434.0459746504,66162.0254273261,3.151178759024221
2195556.971481339,2219283.8790271715,-23726.90754583245,1.0806782904760581
1992561.9031831904,1935066.6640791951,57495.23910399526,2.8854932442572814
2195056.4155464047,2144006.1014667507,51050.31407965394,2.3256948531296056
1961770.5486630872,2129652.2372912685,-167881.68862818135,8.557661788866685
1337773.5716218113,1464059.9142505983,-126286.34262878704,9.440038681261091
1519056.5559573648,1519641.9529872285,-585.3970298636705,0.03853688182759805
1698563.7917918025,1748597.6802264014,-50033.88843459892,2.9456584837369304
2176595.9756710306,2350943.509946821,-174347.5342757902,8.010100920178353
1529904.7624215689,1625382.6202106911,-95477.85778912227,6.240771329974664
1705182.4409638457,1649374.1943212629,55808.24664258282,3.2728607392319553
946933.8634392504,1047730.4299637729,-100796.5665245225,10.644520215850218
2222884.2858985006,2288534.6717270482,-65650.38582854765,2.953387463531933
2075708.849108257,2105734.7254353617,-30025.876327104634,1.4465360274396872
1490606.5980294468,1585369.6819438708,-94763.08391442406,6.357350359222817
1843756.9281726333,1788620.9035479063,55136.02462472697,2.9904172172723906
2069753.8773466551,1999602.9704628878,70150.90688376734,3.389335691144983
1801523.7389866696,1819626.4719372967,-18102.732950627105,1.0048567531399626
1704997.5701284972,1702187.0682203956,2810.501908101607,0.16483905650902445
1685628.3425862205,1798315.307571043,-112686.96498482255,6.68516078769354
2098230.3296207017,2107114.8191911364,-8884.48957043467,0.4234277545707161
1536715.4283398862,1535745.2750986903,970.1532411959488,0.06313161326453301
1110537.6371056042,1285579.468351353,-175041.8312457488,15.761899948025226
1376609.2826942597,1440748.7185228853,-64139.43582862569,4.659233134262603
2407748.572077065,2413935.2642113552,-6186.692134290468,0.2569492598204914
1895748.1887228992,2053239.1261632158,-157490.93744031666,8.307587388302501
2001180.73878645,1896133.2417990225,105047.49698742735,5.249275837580265
1913844.4593101568,1887020.0526462889,26824.406663867878,1.401598052202043
2069636.313562844,1920293.0773127193,149343.23625012464,7.2159168870125185
1228948.4222538408,1264513.620845452,-35565.198591611115,2.893953720725399
1697298.910878958,1651085.7694203616,46213.141458596336,2.7227461917514897
2313729.7485511736,2363826.104053647,-50096.35550247319,2.165177481676192
1362612.5596205057,1421545.8873580385,-58933.32773753279,4.3250245509219445
1365026.2209636376,1405860.9178012214,-40834.69683758379,2.991495416751527
1794388.6222346132,1877064.9253903097,-82676.30315569649,4.607491494943658
2772722.5955791646,2732917.633419352,39804.96215981245,1.435591220819478
1934435.745638521,1892342.241554496,42093.50408402481,2.1760094218136223
1753028.737192753,1910018.4999401642,-156989.76274741115,8.95534450843115
2023615.2359849724,2076458.675743731,-52843.439758758526,2.611338302809208
1712061.3215228613,1713121.8365329886,-1060.515010127332,0.06194375147637905
1859376.1623187368,1752959.8350046196,106416.32731411722,5.723227471164879
1943713.9922571469,1896896.4011253347,46817.591131812194,2.408666672067584
2000490.5535838448,2035943.5495777214,-35452.9959938766,1.7722151164554691
1401465.2610860495,1391454.424955516,10010.8361305336,0.7143121137926614
2056481.3436178348,2059682.2526486344,-3200.909030799521,0.15564979671385534
1705661.3708164687,1548666.8860345823,156994.48478188645,9.20431730870097
2266900.356806034,2241036.055822476,25864.30098355841,1.1409544714175308
1305936.727165318,1370310.4436219789,-64373.71645666077,4.929313581400772
1829434.5926603088,1853309.5508687098,-23874.95820840099,1.305045739497182
1673866.7680261682,1532783.0840051007,141083.68402106757,8.428608938059876
1169234.6791657563,1201435.644393554,-32200.965227797627,2.7540207112889323
1037866.3531981102,1216874.5892492938,-179008.23605118354,17.24771551747319
1636715.1991711762,1364056.0945863677,272659.10458480846,16.658921767383937
1531699.074787637,1685234.9609207003,-153535.88613306335,10.023893639444184
1932291.155509113,1969513.7562039332,-37222.60069482005,1.9263453433865547
2274039.876297688,2365730.093849482,-91690.2175517939,4.0320408849238225
1662341.8829535933,1616122.8703591698,46219.01259442349,2.7803554171602234
1407131.535488448,1501633.7134888945,-94502.17800044641,6.715944857823295
2220199.1611287906,2145426.1088521187,74773.05227667186,3.3678533703551103
1637837.621127923,1664763.032608497,-26925.411480573937,1.6439609844858323
1768586.7892097854,1778463.0166708594,-9876.227461074013,0.5584248124733968
1400753.9137427951,1350623.5544770001,50130.35926579498,3.578812721775472
1485620.2974507927,1506628.057614242,-21007.760163449217,1.4140733133154466
1460982.461095179,1485279.4088901593,-24296.94779498037,1.663055405659486
1543879.1050920165,1646914.6693692622,-103035.56427724566,6.673810399882616
2199310.5004085824,2182908.7778442823,16401.722564300057,0.7457665737172167
1495228.6663630186,1562095.7285114396,-66867.06214842107,4.472029172037475
2173112.9704951085,2088777.110332415,84335.86016269354,3.880877860826489
1878786.0634494964,1724450.3111919835,154335.75225751288,8.214652815454077
1750323.2264247814,1723372.2017199115,26951.024704869837,1.5397741570235646
1775763.7537357358,1713231.1119461618,62532.64178957394,3.521450511534648
1092346.6334689562,1185792.352848202,-93445.71937924577,8.554584828305916
1821729.9612737636,1937670.3077331071,-115940.34645934356,6.364299260812367
1567773.4672786372,1772584.5484112976,-204811.0811326604,13.0638185558896
1375175.2264719356,1337022.9349691793,38152.2915027563,2.77435855215611
2437962.996739326,2555827.0295022954,-117864.03276296938,4.8345291918133135
2570860.3131031254,2468922.0453390186,101938.26776410686,3.965142222801811
2027271.104240388,2064294.3517973197,-37023.247556931805,1.826260310201792
2284497.0840725503,2107731.12170229,176765.96237026015,7.737631341386579
2188833.6089404696,1939259.2924205752,249574.3165198944,11.402160287583659
2073038.898535876,1965880.331864991,107158.56667088508,5.169153687688537
2225094.530648957,2253342.599033578,-28248.068384620827,1.2695221706550226
1522417.8446438848,1691378.1595758137,-168960.31493192888,11.098156496677895
2040346.472127162,2090956.391914624,-50609.9197874621,2.480457141903883
1935051.3734829165,1873778.369522225,61273.00396069139,3.166479443406485
1625200.5934371282,1826418.9426375797,-201218.3492004515,12.381139289082824
1529475.3320912877,1572360.624123625,-42885.29203233728,2.803921784975715
1847136.444877112,1643208.6817890801,203927.7630880319,11.040211114539456
1995006.5671702484,1972669.7731147627,22336.794055485632,1.1196351141424323
2446710.066763422,2419077.8500414845,27632.216721937526,1.129362121703705
2025673.31293272,2049310.7713468727,-23637.45841415273,1.1668939045225906
2536073.954019797,2406566.6594396806,129507.2945801164,5.106605600946345
2082662.9369683424,2281053.874677865,-198390.93770952243,9.525830329429734
2130956.9076787727,2113150.017920296,17806.889758476522,0.8356288057402985
1478219.0115478474,1620236.9409993375,-142017.92945149005,9.607367267099526
1696139.5044579103,1587908.0443890085,108231.46006890177,6.381047065081641
2288256.862739236,2285370.588919638,2886.2738195979036,0.12613417080033537
2138607.961226032,2092811.4066190983,45796.554606933845,2.1414188779452297
1904548.653393078,1818935.7100812797,85612.94331179815,4.49518279090813
1836818.979394596,1755506.6208339748,81312.35856062127,4.426803047702682
1611144.8831868623,1721926.7060551308,-110781.82286826847,6.875969009636229
1328855.4412776716,1461330.087141646,-132474.64586397447,9.969078783814316
1686204.7293887967,1632809.742458882,53394.98692991468,3.166577936788786
1848359.8844299256,1951245.31402792,-102885.42959799431,5.566309378637397
2137222.3345912416,2115649.9572589137,21572.377332327887,1.0093651457396804
1879318.041860556,1768403.8991004536,110914.1427601024,5.901829296029935
1899739.282858531,2071969.056426764,-172229.773568233,9.065968952807014
1432508.3841947152,1393854.428545245,38653.95564947021,2.6983406223621884
1192763.9790473888,1288380.4572575707,-95616.47821018193,8.016378754709448
1997044.2792774127,2061613.521602139,-64569.24232472642,3.233240394053226
1347121.6865654087,1453336.8276030156,-106215.14103760687,7.884598852269287
1377225.3314012557,1470917.7690830028,-93692.43768174713,6.802985360893697
2033805.1068548928,2107866.177136463,-74061.07028157031,3.641502818138729
1938441.582817168,2055638.257038998,-117196.67422182998,6.045922418332885
1665495.8870101627,1613646.6545067453,51849.232503417414,3.1131408313769695
1340588.2158091548,1525595.3106827282,-185007.0948735734,13.80044167864824
2004676.320894156,1874068.3313342403,130607.98955991562,6.515165974607805
2060454.1778195684,2153794.8552189516,-93340.67739938316,4.530102071872277
2248158.3513094946,2177059.502438762,71098.84887073236,3.162537408867089
1729710.8761690578,1571008.697735331,158702.17843372677,9.175069696342455
2139507.179437977,1993220.8439214767,146286.33551650005,6.8373846520546735
2073910.551341696,2019956.0500035523,53954.5013381436,2.601582855308695
1911286.2743868192,1834838.6438233252,76447.63056349405,3.9998001130427236
1740343.5784746998,1791718.4073971095,-51374.8289224098,2.9519934774854377
1899079.2083960385,1902302.0596306927,-3222.8512346541975,0.16970599332590325
1745763.2839975331,1818415.9258496624,-72652.64185212925,4.161654819877167
2335123.2145365938,2180641.583178416,154481.63135817787,6.615566596079376
1643086.6881808443,1572959.3925334786,70127.29564736574,4.268021654110514
1611407.0704789548,1683503.7032842198,-72096.63280526502,4.474141520543031
2273095.300688219,2083620.3627994827,189474.93788873614,8.3355474727069
1814428.8892845395,1646750.5043009806,167678.3849835589,9.241386420477319
2411540.986000052,2389640.6140781776,21900.371921874583,0.9081484432159723
2756810.7392755696,2645603.963427133,111206.77584843663,4.033892289525083
2565344.3055590694,2531395.2458053594,33949.05975370994,1.3233724486862346
1567697.682401315,1559681.4774137032,8016.204987611854,0.511336150942895
1752468.1646656008,1624058.7300454052,128409.43462019553,7.327347635139388
2185322.4239240694,2110861.0464642616,74461.37745980779,3.4073405665284566
2443879.189637408,2336454.5586334406,107424.63100396749,4.395660450789542
2492202.1191995856,2514253.5716076717,-22051.452408086043,0.8848179783736101
2035082.606145823,2223149.2553694877,-188066.64922366478,9.241229258002363
2241628.920453466,2336991.627839139,-95362.70738567319,4.254170104407021
1674120.537645039,1661426.6664250242,12693.871220014757,0.7582411740716735
2108048.837866035,2146235.241966134,-38186.40410009911,1.8114572781318945
1736929.1099272256,1785545.8227480939,-48616.71282086824,2.7990038593403046
1759600.7932605557,1605472.1817112435,154128.61154931225,8.759294275135588
2336670.782943914,2229338.254783359,107332.52816055529,4.593395395877278
2312609.48843383,2233191.8827962377,79417.60563759226,3.4341122457028534
1811921.9279548165,2038543.6942259744,-226621.7662711579,12.507258882117195
1719506.0346173309,1772283.2750924295,-52777.2404750986,3.069325690784445
1663381.5197187962,1791405.4375147766,-128023.91779598035,7.696605756304392
1542058.2951534437,1491118.6287042024,50939.66644924134,3.303355431460686
1968695.3109661017,1921946.5320405844,46748.77892551734,2.3746071149311687
1822997.553279968,2083339.5566601823,-260342.00338021433,14.280984794071863
2109188.340601794,1941851.594675738,167336.74592605606,7.933703344781032
2174006.498599151,2221176.305365297,-47169.80676614586,2.169717836471065
2044871.141141417,2165202.6886863755,-120331.54754495854,5.884554049591176
2551467.957352135,2433727.4213521355,117740.53599999938,4.614619425681061
2004716.7277971213,2144284.7324624592,-139568.00466533797,6.9619813477938095
1539579.635271702,1650707.084810802,-111127.44953910005,7.218038417316977
2381309.463522399,2314893.7555145817,66415.70800781716,2.789041450730893
2249145.4140721587,2245011.1767082657,4134.237363893073,0.18381369821739926
2422146.071565788,2183999.616998074,238146.45456771366,9.832043466055898
1816830.0055931583,1869183.4268397202,-52353.42124656192,2.8815806148836463
1720457.3497836362,1685882.1086024179,34575.2411812183,2.0096540716668425
1818979.8166393596,1795224.245569348,23755.571070011472,1.3059832139259726
2390878.557366071,2460394.2933414257,-69515.73597535491,2.907539396393995
1538339.875285913,1497217.3967629499,41122.47852296312,2.6731725013186813
2424111.0752775245,2272187.49829555,151923.57698197477,6.267187115779412
1722323.6283556742,1719961.7842502862,2361.844105388038,0.13713126072844525
1728934.7015598875,1754336.640665981,-25401.939106093487,1.4692248980354916
1737559.9641028272,1558014.643206002,179545.3208968253,10.333187032744037
2365485.145010422,2471691.3477529343,-106206.20274251234,4.489827508176739
1809326.3015872235,2019455.3849586376,-210129.0833714141,11.613664333905902
1833469.4096109136,1828684.8732045225,4784.536406391067,0.2609553440766928
2064271.3496173024,2081841.033721489,-17569.684104186483,0.8511324883447977
2175911.928195526,2117573.424290381,58338.503905144986,2.6811059376619553
2257656.688544526,2386129.8954384243,-128473.20689389808,5.690555501453262
1345256.8574351023,1309033.249230152,36223.608204950346,2.692690842254104
2138575.6106951027,2249399.035865737,-110823.42517063441,5.182113955494582
1749379.539359401,1698790.0355996508,50589.503759750165,2.891854090066433
2113093.3149331454,2076603.9308918528,36489.38404129259,1.7268231262397917
2046377.8415434216,2054098.659593684,-7720.818050262285,0.37729191029742
1926955.6447132088,1889000.5199978119,37955.1247153969,1.9696937404620858
1541694.0938481982,1637992.1009973723,-96298.00714917411,6.24624609599471
1544388.125236057,1469524.6386813708,74863.48655468621,4.847452873495998
1668512.8835412243,1544485.9143159073,124026.969225317,7.433383970166547
1662940.243607926,1786965.152144414,-124024.90853648796,7.458169889941608
2210790.195304816,2189915.434306369,20874.76099844696,0.9442217105349892
2166600.706524358,2189801.8433771404,-23201.13685278222,1.0708543010678364
2155312.387606161,2088707.9810212436,66604.40658491757,3.0902437608542224
1636392.6416319832,1643297.7122997409,-6905.070667757653,0.4219690612193898
2412437.1345693385,2319906.280567312,92530.85400202638,3.8355757617926374
2626021.654672068,2521653.688556252,104367.96611581603,3.9743756846075695
1884580.2503745933,1678933.9785900577,205646.2717845356,10.912046422202494
1516852.8518668085,1619460.1704452431,-102607.31857843464,6.76448730357428
2117095.533270581,1980201.4044917764,136894.1287788048,6.466129025709331
1503402.249912628,1428647.1176087817,74755.1323038463,4.972397261490781
2450283.4122294206,2395686.6907300744,54596.7214993462,2.228179859801226
1962761.700999985,2043668.6041830825,-80906.90318309749,4.12209506339344
2170674.948347304,2127949.3574385755,42725.59090872854,1.9683090248615391
2079320.155825989,2062970.471795689,16349.684030300006,0.7862995020026273
1721163.386939222,1755837.6623228453,-34674.27538362332,2.0145836035523184
1877206.368407431,1792040.6534413716,85165.71496605943,4.536832838379492
1435690.8730289217,1556269.6410375773,-120578.76800865564,8.398658114630683
1867895.4950253584,1736781.9553024538,131113.53972290456,7.019318804081412
2636667.7406814205,2547648.694463243,89019.04621817777,3.376195067914461
1728939.3298910672,1845737.562057841,-116798.23216677387,6.755484715252143
2133820.4010908864,2099073.1776487124,34747.22344217403,1.6284043129595156
1892153.6549969788,1845139.7285615404,47013.92643543845,2.484678044580556
2124142.955730291,2191100.6789720706,-66957.72324177949,3.1522230206374733
2205594.3609474744,2151368.3552171024,54226.00573037192,2.458566574638758
1385251.383587962,1413132.4866494932,-27881.103061531205,2.012710717481177
1373578.7133932144,1573073.9419552928,-199495.22856207844,14.523756565013754
2264000.0172156,2108978.963284064,155021.0539315357,6.847219644555907
1890196.086976125,1889714.0762976361,482.0106784887612,0.025500564825518518
1621502.538743298,1939003.1090899617,-317500.5703466637,19.580639731389752
1484964.238382085,1532721.5263999433,-47757.288017858285,3.216056439843383
1961279.2535795672,1980551.841516783,-19272.58793721581,0.9826539439521961
1789181.6119597806,1762791.1011357214,26390.510824059136,1.475004585764342
1249842.1062998602,1340606.231574114,-90764.12527425378,7.262047327158763
1852168.9919070173,1642155.080002701,210013.9119043164,11.338809407886878
2629361.6728119333,2513388.012668364,115973.66014356911,4.41071539692532
2048395.3339874872,1847107.1912699202,201288.14271756704,9.826625719056468
1991185.2178432865,1902538.9301392466,88646.28770403983,4.451935807360771
1800373.017168223,1598537.0687405127,201835.94842771022,11.210785015272815
1606819.8324626856,1629297.9725609948,-22478.140098309144,1.3989210018560774
2118462.30172809,2095724.401986278,22737.89974181191,1.0733209518651317
1315390.112344925,1328138.4560228086,-12748.343677883502,0.9691682762581538
2051409.514042582,2108206.5934128347,-56797.07937025279,2.7686855784502242
1581275.818357634,1602059.136420581,-20783.31806294713,1.314338575324157
1444832.789893728,1463714.4115219947,-18881.62162826676,1.3068378403604448
1827501.5957366463,1798797.3920666163,28704.203670029994,1.5706800878857583
1922138.0057978367,1812309.008938964,109828.9968588727,5.713897572785631
1889654.153599106,1888242.9801348082,1411.1734642977826,0.07467892797261387
1925921.809195589,1827356.5308501385,98565.27834545053,5.1178234689921736
1959384.121720408,1940273.4634639698,19110.658256438328,0.9753400593885847
1695256.74604287,1892706.390959644,-197449.644916774,11.64718237385978
1749295.490898494,1783952.3283536788,-34656.8374551849,1.9811882918296462
2021301.6511590604,1986254.414161888,35047.23699717247,1.7338944425774148
1691244.572962565,1576653.1641774806,114591.4087850845,6.775566976948457
2635521.457706522,2550174.193703603,85347.2640029192,3.238344493586097
1895330.9765813104,1665381.9852648762,229948.99131643423,12.132392397828218
1609359.8241025584,1505806.9416708734,103552.882431685,6.4344145343276535
2052732.3010553755,2037162.446583227,15569.854472148465,0.7584941526054568
1509978.5114593506,1721512.3487756436,-211533.83731629304,14.009062758903218
2113249.3603096167,2020255.0438234096,92994.31648620707,4.400536833598392
1765630.2677764352,1853065.7414550819,-87435.47367864661,4.9520828496420926
1724189.408244191,1953647.205493879,-229457.79724968807,13.308154901807095
2077073.408001849,2004728.2399533717,72345.16804847727,3.483033761337956
1756227.6287167124,1915345.5664899936,-159117.93777328124,9.060211510825042
2066027.1452104305,2111225.3482519765,-45198.20304154605,2.1876867952256496
2535579.579508546,2430437.4322236306,105142.1472849152,4.146671164834598
1680310.1313746928,1703239.691844841,-22929.560470148223,1.364602881456718
1507437.9488118528,1544784.6323659795,-37346.68355412665,2.4774939216279463
2231824.173176142,2272939.7714054845,-41115.598229342606,1.8422418183073261
1232874.0212146332,1101664.5427060672,131209.47850856604,10.642569820661633
1705942.5918962068,1891780.711300684,-185838.11940447707,10.89357404447663
2022896.5448283805,2010754.2193248197,12142.325503560714,0.6002445124839961
2107216.3105102344,2063990.1195760446,43226.19093418983,2.051340942958209
1877665.2022819973,1903857.9877716294,-26192.78548963205,1.3949656977079286
1608496.8058764895,1746419.4068200341,-137922.60094354465,8.574626970949373
2111406.3709389307,2037105.2793011968,74301.09163773386,3.519033221666968
2160405.8991417917,2058922.6942025246,101483.20493926713,4.697413804488348
1625539.2213734284,1604283.145886572,21256.07548685628,1.3076322741014448
2328649.3357953336,2417402.8378829234,-88753.50208758982,3.811372572215846
2490902.1177806603,2466226.410651254,24675.707129406277,0.9906333513976774
2026261.1263566704,1920802.512596786,105458.61375988438,5.204591470868555
1552966.2129262057,1705306.6531323479,-152340.44020614214,9.809642923208987
2099918.153912941,2092632.551555338,7285.602357602911,0.3469469676247658
2314670.666507412,2243121.0383766787,71549.6281307335,3.091136426707915
2105246.3311817665,2017839.203375072,87407.12780669448,4.151871755436289
1753697.0759834612,1839578.9840070414,-85881.90802358021,4.897191721404806
2072957.9945146267,1927941.8939611695,145016.10055345716,6.9956121126039505
1857852.2245027856,1834351.5477571413,23500.676745644305,1.2649378909527509
1515087.2359965332,1414384.990908342,100702.24508819124,6.646630154068678
2485191.4440554366,2407586.8435807154,77604.60047472129,3.1226809773690087
1502905.5904936332,1568837.8355745114,-65932.24508087826,4.386985150492563
2120743.61602786,2104238.774981574,16504.841046285816,0.778257254745356
1151086.8343803505,1276970.4655841198,-125883.63120376924,10.936067327321533
2478014.856326717,2461617.879252618,16396.977074098773,0.6616980940301874
1886312.3783141123,1815589.374153564,70723.00416054833,3.7492731836789868
1719409.798460937,1819192.6408868332,-99782.84242589609,5.8033194015302705
1728389.293774563,1673934.6122235016,54454.68155106134,3.150602803847497
1539313.4717725448,1723242.486097477,-183929.01432493213,11.948769220679582
1700550.375523721,1665866.2112117247,34684.16431199643,2.0395846433725726
1785136.2553339428,1671732.733416837,113403.52191710589,6.352653562340632
1235239.5245587763,1525260.8761359502,-290021.3515771739,23.478956575710985
1733337.6859390931,1784412.0619949882,-51074.37605589512,2.946591219368999
1177505.1969157616,1364178.6057170911,-186673.40880132955,15.853298082274547
1378656.9747810946,1551759.0137865276,-173102.03900543298,12.555845447553654
1872191.462538486,1769143.100392481,103048.36214600503,5.5041572514321135
1672952.8363668476,1599798.4049294312,73154.43143741647,4.372773090022428
2427692.4379246044,2443476.862912327,-15784.424987722654,0.6501822364787077
1967857.5443142185,2001281.6788911545,-33424.13457693602,1.698503769925279
2288565.39506515,2245661.9657143513,42903.42935079895,1.87468662435043
1777759.2605773937,1623928.616311133,153830.6442662608,8.653063869643326
1338849.2251429271,1476748.6116746205,-137899.3865316934,10.29984436947873
1853948.4124701864,1800389.0797245991,53559.33274558722,2.888933283436144
1488260.671535554,1483574.9666108768,4685.704924677266,0.3148443692893302
2044540.173124794,2230935.039980234,-186394.8668554402,9.116713347361705
1990771.0490310253,2027897.7583836848,-37126.70935265953,1.8649411930483084
1580976.8077816735,1690333.6352829144,-109356.82750124088,6.91704185431306
1456118.726718136,1589109.5923497807,-132990.8656316446,9.13324327140447
1744147.645637303,1774192.3075541605,-30044.661916857585,1.7225985421595096
1935169.8059792968,2045598.5604015093,-110428.75442221249,5.706411606930265
1439046.3582721162,1583914.1462098693,-144867.78793775314,10.066929887630444
2123361.0599439805,2184693.2270861007,-61332.16714212019,2.888447391219385
2170639.698987752,1995432.3611270895,175207.33786066272,8.071691397810895
1565363.2192243263,1472396.4263971169,92966.79282720946,5.93899177427183
1626655.316331431,1900459.0647010456,-273803.7483696146,16.832315095930692
1777958.766250609,1664543.8814263295,113414.88482427946,6.378937857116382
1385270.1713590927,1687943.5132292733,-302673.34187018056,21.849408738313254
1216497.4574316249,1376124.7596871317,-159627.30225550686,13.121877179466193
2138280.0169701693,2105423.344706096,32856.672264073044,1.5365935239215875
1715701.5394152831,1746943.832230417,-31242.29281513393,1.8209631510723836
1235150.5067931511,1387169.3335321844,-152018.82673903322,12.307716825030749
1537124.006429774,1566144.1362537015,-29020.129823927535,1.8879498142333755
1200990.5478253958,1419427.8400405203,-218437.29221512447,18.188094203625795
1979287.6518489567,1811739.6294648163,167548.0223841404,8.46506682480563
1334964.434611801,1338843.929351541,-3879.494739739923,0.2906065988842657
2311388.190799944,2276647.545236124,34740.64556381991,1.5030208124320554
1888121.649150688,1824913.2919749483,63208.357175739715,3.347684573405109
1975659.012228181,2037191.6434641753,-61532.6312359944,3.1145370155043546
2547866.820329773,2501082.9960169434,46783.82431282941,1.83619583015623
1978412.545272881,2124304.4698672406,-145891.9245943597,7.3741912394837215
1898561.2927065892,1922813.1966194345,-24251.9039128453,1.2773832483581178
2362862.145819861,2409491.321339543,-46629.175519682,1.973419211195781
2327263.5048027625,2260026.6444419813,67236.8603607812,2.8890952924765423
1962962.6318281384,1935948.4999954514,27014.13183268695,1.3761918538168125
2177135.2048849366,2217995.156290873,-40859.95140593639,1.8767760180560706
1954102.8534256413,1801025.4231261462,153077.4302994951,7.83364243244119
1967556.8048956608,2236152.434150818,-268595.62925515696,13.651226159612737
2018970.3906154104,2100598.089275998,-81627.69866058766,4.043035947431918
1896855.8352627656,1773837.2432001717,123018.5920625939,6.485394924361899
1810061.804364598,1885850.5718246335,-75788.76746003563,4.1870817492135535
2743927.828764757,2707279.557531759,36648.271232998,1.335613526303863
1885400.6162188372,1959523.448276803,-74122.83205796569,3.9314101958139123
1758401.508837941,1998073.2565301652,-239671.7476922241,13.630092245008013
2155474.022062449,2101524.5890956316,53949.43296681717,2.5029034177454883
1797895.7058787618,1857610.0737214873,-59714.36784272548,3.3213477092954475
1865641.3725507664,1858708.123630274,6933.248920492362,0.37162817155008715
1180808.2180055229,1239551.6298724392,-58743.41186691634,4.974847817890237
2275614.292854533,2117353.712003722,158260.5808508112,6.9546311669667435
1658685.8852583803,1661635.8084135328,-2949.9231551524717,0.17784700414768104
2171658.165094605,2350287.4166793907,-178629.25158478552,8.22547740044547
1892431.5316728507,1840951.0088884402,51480.52278441051,2.720337403113513
2167202.913467593,2214433.8329839334,-47230.919516340364,2.179349207350843
1740257.115689301,1676199.0886235307,64058.027065770235,3.6809518828140173
1534478.3072436024,1564451.3713841247,-29973.064140522387,1.9533064754993688
2079620.804586225,1966147.3895323235,113473.4150539015,5.456447387122525
2404852.954245293,2250999.658269903,153853.2959753899,6.397617605009581
2381240.0656182,2185781.2136527835,195458.8519654167,8.208279996106697
2749017.6382921,2747694.2799773877,1323.3583147120662,0.04813931697921872
1848256.4790439403,1967116.023290676,-118859.54424673575,6.4309009920646405
2328783.929978552,2294568.609225243,34215.320753308944,1.4692355230063816
1914471.2677189787,2121848.4235665854,-207377.15584760671,10.83208504323436
1382894.600121795,1521274.3838372014,-138379.78371540643,10.006531495836269
2345373.5818745964,2348679.177239055,-3305.5953644583933,0.14094110166519044
1865958.212451288,1897626.7585210947,-31668.546069806674,1.6971733803301021
2518179.6499180268,2307358.431754147,210821.2181638796,8.371968940768081
1131862.867077347,1390185.2821418082,-258322.4150644613,22.822766129919216
1196741.2508684914,1316969.9063609256,-120228.65549243428,10.04633670020004
2230329.773752043,2295583.3006842025,-65253.52693215944,2.9257344676157295
1513053.0056604035,1586077.6682265042,-73024.66256610071,4.826312250325135
2299310.944002515,2274244.52722407,25066.416778445244,1.0901708115567437
1791006.1844641808,1690280.0395131556,100726.14495102526,5.623997606750851
1333185.8363029829,1500501.8360207903,-167315.9997178074,12.550088304402207
1920573.234943066,1711580.0157881174,208993.2191549486,10.881814624535474
2362040.5225902167,2314810.9989584684,47229.52363174828,1.9995221580684959
2039748.033100736,2135020.3518198067,-95272.31871907064,4.670788605896671
1480854.0746713884,1630525.2834115762,-149671.2087401878,10.107086937205537
2681197.555968373,2579970.3094599135,101227.24650845956,3.7754490072216678
1684811.1379348994,1529648.8363168752,155162.30161802424,9.209477437821857
1527349.456887014,1698133.8460503372,-170784.3891633232,11.18174942828143
1574570.9775979845,1604544.7482327984,-29973.770634813933,1.9036150838077217
1672770.8064964944,1768773.4063901638,-96002.59989366936,5.739136498606186
2411126.7936913245,2355852.65501569,55274.13867563475,2.2924608867629304
1811664.892418236,1794043.362142217,17621.530276018893,0.9726705170346059
1391204.3951273526,1382147.9268097049,9056.468317647697,0.6509804274172565
1623146.1619602009,1682094.548514699,-58948.386554498225,3.631736188397778
2450313.598545676,2505807.0600616415,-55493.461515965406,2.2647493589760184
1977429.284257524,1766452.737712468,210976.54654505593,10.669233444890164
1764076.508943854,1936652.2570985577,-172575.74815470376,9.782781374829613
2200421.674109397,2158235.9736343003,42185.7004750967,1.9171643767856916
2022948.925113452,1896965.9225727587,125983.00254069315,6.227690723018512
1963445.2443853992,2002230.9567652869,-38785.7123798877,1.9753905789223303
2099834.7817024537,2179304.3397148554,-79469.55801240169,3.784562419142865
1381773.3465999602,1472472.7831271368,-90699.43652717653,6.563987990530771
2015022.9456818667,1860500.0424758615,154522.90320600523,7.668543107022336
2678461.4251250606,2459008.7713769795,219452.65374808107,8.193235552676834
1876153.585674904,2011355.5079760738,-135201.92230116972,7.206335522501154
1233459.7365931636,1233670.3963520466,-210.65975888306275,0.01707877060218508
1952038.4763536027,1999314.1492512168,-47275.67289761407,2.4218617342996627
2448203.9677695506,2152171.4874120485,296032.4803575021,12.091822587282387
1674553.9602010474,1739559.4746701631,-65005.51446911576,3.8819599734672736
1826431.1552771984,1736332.5966213844,90098.55865581403,4.933038860812672
1904491.9989079612,1870768.2857152289,33723.713192732306,1.770745858321775
1175004.779451365,1193900.64907862,-18895.869627255015,1.6081525758625341
1855399.3648676956,1819586.0049340806,35813.359933614964,1.9302237896458876
1600706.3379335953,1765131.9351243412,-164425.59719074587,10.272065106146098
1817415.2815253304,1953525.607733452,-136110.3262081216,7.4892253626197185
1732872.8548446917,1973262.7644641409,-240389.90961944917,13.872333965378786
1644018.795849482,1624758.7526439657,19260.043205516413,1.1715220807779476
2203749.101878257,2137723.7932167514,66025.30866150558,2.9960447223884135
2285612.9909535167,2154173.0260504354,131439.9649030813,5.750753317526731
1920305.0347505803,1816630.785518072,103674.24923250824,5.398842754478015
1409285.2484057485,1384185.970270648,25099.278135100612,1.7809934620045251
1040719.73946798,1145456.1112284274,-104736.3717604474,10.063840224073104
1447933.395572931,1689865.494011999,-241932.09843906807,16.708786410948015
1119402.8754174672,1138656.8246234348,-19253.949205967598,1.7200196308935762
1750876.6967111607,1657818.7483266862,93057.9483844745,5.314934430235672
2041474.4824605968,1899943.939364932,141530.54309566482,6.9327608212412
1704844.8455119478,1707644.6099252542,-2799.7644133064896,0.16422400083367988
1111570.4301145463,1156376.0341022068,-44805.60398766049,4.030838062419789
1681438.052199173,1749614.3262012952,-68176.27400212223,4.054640842281025
2554340.1094062016,2396670.536932339,157669.57247386267,6.172614676223189
1825533.9210743904,1976728.059426174,-151194.13835178362,8.28218728813325
1916280.7790396388,1771672.379720921,144608.3993187179,7.546305369257509
2509591.895261834,2409896.1007216917,99695.79454014217,3.972589915052327
2105912.494387526,1858472.825548498,247439.6688390281,11.749760234505485
2054813.368736275,1944680.7321105013,110132.63662577374,5.359739152052826
2178346.424015423,2077369.3892227386,100977.03479268425,4.635490190148439
2532235.519779372,2408485.8201635554,123749.69961581659,4.886974321669677
1521958.4992217447,1406473.0805471172,115485.41867462755,7.5879479456030605
1579901.6261523687,1654821.7073997464,-74920.08124737768,4.742072544721354
1044879.8357185395,1087159.0309062605,-42279.195187720936,4.046321284269641
1821530.8245146363,1821155.5578638264,375.2666508099064,0.020601718387603992
1768002.4207019915,1840623.483562644,-72621.06286065257,4.107520555985332
2393479.665766404,2459651.4616404083,-66171.79587400425,2.764669231180442
2433354.073846245,2335623.633554518,97730.44029172696,4.016285231242603
2506039.306712826,2456615.3940242566,49423.912688569166,1.9721922380139583
1564782.9912842251,1576721.4546171739,-11938.46333294874,0.7629469005891216
2597317.161066984,2419889.614980462,177427.54608652182,6.831185222432912
1899237.1410463168,1860487.5603435761,38749.5807027407,2.0402707942723257
1888633.5754590577,1707338.5277499526,181295.04770910507,9.599270608383572
2167081.8182590785,2017724.7945970858,149357.02366199275,6.892080511384589
2439492.6654576305,2270504.977768452,168987.68768917862,6.927165229147258
2373886.7488315026,2254586.3915620684,119300.35726943426,5.025528590534381
1450420.7041351816,1536739.8376083146,-86319.13347313297,5.951316968037977
1863046.3791434811,2065656.6276724127,-202610.24852893152,10.875212275825348
1750003.2688597864,1744345.3759148007,5657.892944985768,0.32330756437227487
1069798.4080677233,1291534.5640912782,-221736.15602355497,20.726910261911517
2461361.054245271,2179301.632436264,282059.42180900695,11.459489916057645
1372224.6870257729,1551841.380089882,-179616.6930641092,13.089452096465282
1470951.9883520035,1483209.7577094876,-12257.769357484067,0.8333221923318643
1885243.5780104944,1956285.4696933369,-71041.89168284251,3.768313681662999
2379050.4988937527,2502719.3826338183,-123668.88374006562,5.1982454259617885
2516539.091697819,2420148.373126546,96390.71857127314,3.830288942829089
2193293.515234423,2172865.919631932,20427.59560249094,0.9313662517397998
1769411.7412600005,2087022.2287388304,-317610.4874788299,17.9500610328639
1561538.878439059,1650547.5267016357,-89008.64826257667,5.700059696979895
1215522.3802085903,1380553.2315423223,-165030.85133373202,13.576948809894542
1355168.6263072104,1294698.0454002959,60470.58090691455,4.462218186949537
1831910.1201929303,1937175.414195759,-105265.29400282865,5.746204076417378
1815419.145252896,1786928.4578199107,28490.687432985287,1.5693724233042838
1330737.9120686254,1409092.77597707,-78354.86390844453,5.888076322004104
2402282.3985438542,2191435.6351825884,210846.76336126588,8.776934946910107
1923724.7962075744,2063015.6912127198,-139290.89500514534,7.240687195993055
1902179.572280975,1890616.9377332132,11562.634547761874,0.6078624077482172
2134306.549262569,2142807.3600410204,-8500.810778451618,0.39829380561048083
1524937.2769225058,1763578.9495790738,-238641.672656568,15.649277925592692
1197083.5303614114,1247848.1636444004,-50764.63328298903,4.24069264971532
1691588.4672652693,1783474.063235667,-91885.59597039782,5.431911942444605
1683523.8280022903,1568729.11735969,114794.71064260043,6.818716119914892
2003365.0727621175,1983754.6390179838,19610.433744133683,0.9788746949199835
1761510.8952106975,1808134.3340151303,-46623.43880443275,2.6467868538988535
1205591.9008508571,1181597.3619896793,23994.53886117786,1.9902704094348596
2294772.6441770443,2304081.8000183734,-9309.155841329135,0.4056678932856811
1992012.273983564,1901059.9238662035,90952.35011736047,4.565852896853733
1987072.1031260872,1900333.791665874,86738.31146021327,4.365131558324202
2277537.524985552,2194592.4473689916,82945.07761656027,3.6418753459215325
1977541.266083628,1948694.5311121675,28846.73497146042,1.4587172195192273
1432715.67081679,1455960.2864478165,-23244.61563102645,1.6224165132342494
2628450.280935719,2387133.9583943686,241316.3225413505,9.180935408656188
2126939.952248179,2057819.874384268,69120.07786391093,3.249742795552404
2057869.6910204352,2030804.4367322838,27065.254288151395,1.315207391714417
1905199.723832758,1794401.812277163,110797.911555595,5.815553622519896
2087438.1291562268,1968496.0753025592,118942.05385366757,5.697991820325027
1801064.6421543276,1715108.4926767466,85956.14947758103,4.77251884611789
1577136.3760842627,1470703.1590960287,106433.21698823408,6.748510693316708
1839436.2471927693,1902634.4932129974,-63198.246020228136,3.4357399511223767
1550207.022993288,1527907.1429022446,22299.880091043422,1.438509809353378
2014041.729327556,1905796.5346589203,108245.19466863573,5.374525914355131
2132321.295741676,2073240.0676414457,59081.22810023022,2.770746989124838
2042340.771450953,2012589.7335412637,29751.03790968936,1.456712725200758
1888043.3759872231,1655798.6011586303,232244.77482859278,12.300817755691458
2047856.294590111,1983220.2868216457,64636.007768465206,3.1562765385059617
1671651.1486600963,1634911.0372603154,36740.11139978096,2.197833646645104
1433130.877072492,1334165.1085486263,98965.76852386561,6.905563902581358
1544411.0711005025,1687651.3822588727,-143240.31115837023,9.274752935842486
2058336.7067965493,2122127.525917587,-63790.81912103761,3.0991440278163798
1953747.6736060744,1824690.8391101325,129056.83449594188,6.605604000937279
2145414.000849536,2075342.3486227966,70071.65222673956,3.266113309552038
2290556.192215788,2246098.0323128058,44458.159902982414,1.9409329513097626
1682880.412982448,1665138.4136826582,17741.99929978978,1.054263818327228
2336209.236424764,2334541.860813504,1667.3756112600677,0.07137098789198132
2110967.3794743884,1981515.58413376,129451.79534062836,6.132344658630427
1195887.63779425,1319040.2178484797,-123152.58005422982,10.298005946560172
1818849.073869398,1685052.85756584,133796.2163035581,7.356092279769073
1816415.5622198249,1742427.7654671734,73987.79675265145,4.073285777304817
2011690.5819517584,1971852.9075450625,39837.67440669588,1.9803082424358247
1841599.284360256,1747204.2351173686,94395.04924288741,5.125710573659288
1973041.415245456,1994739.294279683,-21697.879034226993,1.0997173635875084
1759468.6898118353,1732124.052576875,27344.637234960217,1.5541417357011658
1127155.3694212078,1307578.4749174179,-180423.10549621005,16.00694193462051
1798905.022382372,1532775.5626225444,266129.4597598277,14.793969467458615
2240758.503762274,2205420.580070479,35337.92369179521,1.5770518613434779
2193133.3548022998,2286705.53363456,-93572.17883226043,4.26659777105508
2204264.756018064,2150998.1351162065,53266.6209018575,2.416525544693733
2398685.0190614806,2443225.84223066,-44540.82316917926,1.8568850355602957
2207651.7077920767,2155389.911697615,52261.79609446181,2.3673025917086363
2261188.588967013,2179956.264875973,81232.32409104006,3.5924612607456026
1842804.095555672,1856442.2353672313,-13638.139811559347,0.7400754016365997
1718272.4697841362,1607713.1259291,110559.34385503619,6.434331329822538
2123811.3899124977,2014294.969539152,109516.42037334573,5.156598222116977
2274290.1514559886,2149175.10824427,125115.04321171856,5.501278855365951
1021046.7341855824,1069416.7162539947,-48369.982068412355,4.737293646700091
1776266.4582953868,1918316.823792182,-142050.36549679516,7.997131558353882
1339588.0384868176,1492035.7611809769,-152447.72269415925,11.380194381726664
2370873.0848825164,2326835.9079855047,44037.1768970117,1.8574244727736604
1439046.0795346545,1494567.7907074487,-55521.711172794225,3.8582302514418667
2433190.038792553,2379241.5952450065,53948.4435475464,2.2171898901212748
1846542.4668957463,1808131.530835802,38410.93605994433,2.080154491356898
1848356.9521927028,1800823.2167174802,47533.73547522258,2.57167509873206
1925090.9648376892,2005475.3435555103,-80384.37871782109,4.175614565029064
1728223.4242681838,1701112.578922589,27110.845345594687,1.5687118323300573
2250699.915310344,2175612.906297447,75087.00901289703,3.3361626088897527
2273920.046062326,2222347.627948716,51572.41811361024,2.26799610667563
1212843.9706680323,1218918.277726566,-6074.307058533654,0.5008316985067697
2079469.9633170287,2196968.8356375834,-117498.87232055468,5.6504241173615455
1988553.8756637063,2207640.0262568844,-219086.1505931781,11.017360569124897
1887718.246123448,2010113.7842376507,-122395.53811420267,6.483782119791968
1940457.618259755,1962985.1565015712,-22527.53824181622,1.1609394624150262
1421968.007399164,1672062.3972441675,-250094.3898450036,17.587905532589033
1684482.4461120814,1660811.426885304,23671.019226777367,1.4052398872669731
2442537.2308663507,2161850.049894076,280687.18097227486,11.491623440790587
2491602.204267666,2442751.9895248883,48850.21474277787,1.9605944584214223
2385315.373220872,2307206.1251314846,78109.24808938755,3.274587879082725
1646314.6099602024,1888958.063396893,-242643.45343669062,14.738583498481875
1290442.5549258748,1383177.9404345534,-92735.38550867862,7.186324192013763
1412753.362773446,1306389.6265617162,106363.7362117297,7.528825555433243
1574204.800768349,1450007.5542548385,124197.24651351059,7.889522789721612
2387539.7505803746,2612381.266538602,-224841.51595822722,9.417288901831757
2020715.5034883348,1977287.5017366214,43428.001751713455,2.149139830755208
1978231.2980149488,1947349.359832444,30881.938182504848,1.5610883425761815
1694392.9659380498,1769511.666969547,-75118.70103149721,4.433369504099068
1583362.7573472718,1749436.2878782891,-166073.53053101734,10.488659642926866
1833669.7411702503,1738048.0667985925,95621.6743716579,5.214770807671834
1713098.1014439657,1681361.3048240833,31736.79661988234,1.852596567186169
1279829.9252007003,1558725.0243018353,-278895.09910113504,21.7915750842753
1997183.111118523,2104213.5482878247,-107030.43716930179,5.359069810547284
2073237.9707386864,2074206.7955044655,-968.824765779078,0.046730031933280174
2988111.6697810856,2630425.2257556543,357686.4440254313,11.970317161929762
1954087.0421799591,2014091.6658858855,-60004.62370592635,3.070724200646959
1713463.8914732852,1798444.5882523858,-84980.69677910069,4.959584920463767
1939803.151724808,1867375.2901087159,72427.86161609204,3.7337737879068613
2045818.6227356067,2063225.299693031,-17406.676957424264,0.8508416515511322
2258935.752528653,2127632.275955515,131303.47657313803,5.812625543960554
1656952.5030721142,1538855.9229152384,118096.58015687577,7.127336476930743
1962456.1607146312,1929394.5722653312,33061.588449300034,1.6847045611077809
2354379.830739853,2125046.470207098,229333.36053275503,9.740712077910048
1331005.2821782485,1411001.5450297522,-79996.26285150368,6.010213777708402
2125032.6551458,2108237.721810694,16794.933335106354,0.7903376587854853
2287097.971844121,2303931.01852527,-16833.04668114893,0.736000245218013
1986517.8169554768,1967959.7506448661,18558.066310610622,0.9342008489535012
1831455.844445324,1788460.549722593,42995.29472273099,2.3476020376430413
2493444.1449240176,2476482.6465778593,16961.498346158303,0.6802437656639454
2063401.82431232,1992488.4302654478,70913.39404687216,3.436722465364002
2266204.43130904,2118084.166824849,148120.2644841913,6.5360504303061395
1930505.4017618927,1974420.9960624252,-43915.59430053248,2.2748236943782976
1827883.880886832,1874639.583860521,-46755.70297368895,2.5579142888991697
1246486.460138808,1338465.0971009182,-91978.63696211018,7.3790321759185
1654893.3611266692,1806820.476163896,-151927.11503722682,9.180477643211596
1498519.5189504195,1594117.182038001,-95597.66308758152,6.379473999413716
2345899.456627963,2224891.6050169687,121007.85161099443,5.158271010682326
1868879.4551020372,1808137.990157973,60741.46494406415,3.2501542450070855
1472193.186900667,1455374.811852805,16818.37504786183,1.1424027225169202
1901289.636826933,2023566.1383458173,-122276.50151888444,6.431240098849537
2284747.427023364,2291009.4794706376,-6262.052447273396,0.27408073090301194
2281651.0287645166,2353156.465227179,-71505.43646266265,3.133933961030924
1493639.6266568403,1576887.7743160326,-83248.14765919233,5.5735095784465525
2468478.908274822,2524534.7370437346,-56055.8287689127,2.2708652110011007
2080930.298559111,1974394.4970560002,106535.80150311091,5.119623736406693
1499961.2809770815,1554210.7530860947,-54249.47210901324,3.6167248313019713
1659114.316499855,1551036.9039407372,108077.41255911766,6.514163098002965
2211382.242995617,2291442.5703286068,-80060.32733298978,3.6203748848293733
1702983.9866356987,1685589.2145228218,17394.772112876875,1.0214289887270651
2189992.5097547914,2131222.0090253362,58770.50072945515,2.6835936866302594
2118153.6837625136,2143003.8607918276,-24850.177029313985,1.1731999061169245
1684508.7830140602,1706013.3943206398,-21504.61130657955,1.2766102215330544
2386126.842226289,2351314.429513445,34812.41271284409,1.458950634844023
2028993.3643699768,2016335.1431090455,12658.221260931343,0.6238670605441753
1833154.4282371453,1819335.6120581229,13818.816179022426,0.7538271716863104
2235205.335067529,2283538.9949146486,-48333.65984711936,2.1623811955360743
1553728.2204161054,1455626.3269899942,98101.8934261112,6.313967406721778
2163271.2758322,2200695.106161981,-37423.83032978093,1.7299647412636294
1442014.4107049217,1480117.761158452,-38103.350453530205,2.6423696025966597
2266549.390561746,2200647.1363809905,65902.25418075547,2.907602828122008
2204693.0817051297,1973836.9391577686,230856.1425473611,10.471123825036674
1946889.5378393405,1924631.8993188771,22257.63852046337,1.1432409537299644
2299408.8066099663,2205381.7908781436,94027.0157318227,4.089182204640129
1842965.9931092348,1866120.8947019337,-23154.90159269888,1.256393318122743
1825760.3571682165,1755697.755091926,70062.60207629041,3.8374478776041903
2133362.6802947046,2172090.0348996115,-38727.35460490687,1.8153197748615832
1961791.2497880943,1750071.6487743868,211719.60101370746,10.792157475295939
1883078.179550133,1773111.1717587116,109967.00779142138,5.839747334212777
1587838.3572946603,1483635.0120783907,104203.3452162696,6.562591509239643
1620475.2404398778,1673925.8526759252,-53450.6122360474,3.2984528798809807
1879805.4187467156,1949419.397787544,-69613.9790408283,3.703254514887004
2310764.226185695,2190989.909588927,119774.31659676787,5.183320532639348
2235107.327579785,2277563.479950426,-42456.15237064101,1.899512915856855
2138080.674049224,2021569.8486633627,116510.8253858611,5.449318484564289
1961054.46810761,1972309.4659793014,-11254.997871691361,0.5739258166833212
1977266.1912583709,1892824.952072246,84441.23918612488,4.270605523901909
2441495.455529032,2483622.174294376,-42126.718765344005,1.725447355224171
2282931.3098756773,2228512.2502149604,54419.059660716914,2.3837361827448253
2468415.100253688,2464829.20102623,3585.8992274580523,0.14527132114406188
1447498.2178690007,1454703.4761406388,-7205.258271638071,0.4977732050161426
2733881.542851095,2617776.3550561643,116105.18779493077,4.24689899599116
1199214.4872784512,1301504.318926726,-102289.83164827479,8.529736150904558
2318218.641382915,2227225.2247382863,90993.41664462863,3.9251438591809107
2473959.45510344,2459690.1104719867,14269.34463145351,0.5767816688352674
1155757.6173291008,1437636.2855207769,-281878.668191676,24.389081582960603
1978065.3537796205,1924846.2101370865,53219.143642534036,2.690464374235396
1574181.88251833,1754775.6593570209,-180593.77683869097,11.472230677041102
1849984.4384284797,1971283.9056534627,-121299.46722498303,6.556783111539263
1856883.4011512129,1854684.5345686418,2198.866582571063,0.11841705199194688
2354715.070543125,2510064.6849025544,-155349.61435942957,6.597384809007807
1434191.0518005504,1458256.622723471,-24065.57092292048,1.677989197653091
1716632.7181060414,1887431.2513520473,-170798.53324600589,9.949625883540637
1957603.4929198544,2091522.4658208098,-133918.97290095547,6.840965158945914
2144914.8853794364,2093628.3577813793,51286.527598057175,2.3910751866027806
2229575.10550828,2253398.6825633114,-23823.577055031434,1.0685254332170313
1726500.042923419,1821376.0901168748,-94876.04719345574,5.495282063984523
2488740.3683054294,2449199.325760008,39541.042545421515,1.5887974112922358
2536954.6727455114,2412851.5168903465,124103.15585516486,4.891816049707325
2162958.3948154687,2279433.031022708,-116474.63620723924,5.384968868861492
1800282.0837305556,1670084.697817552,130197.3859130037,7.232054747954159
2056962.9381914083,2089363.4137549999,-32400.47556359158,1.5751608821926473
2213647.752927975,2107042.9076244347,106604.84530354012,4.815799856256928
2615500.059271889,2573786.5618648008,41713.497407088056,1.5948574445339678
1917991.326789444,1916191.0984836842,1800.2283057598397,0.093860085841643
1657549.9691894806,1728815.863766479,-71265.89457699843,4.299471865203948
2703995.821550544,2499535.3441800224,204460.47737052152,7.561419871325037
1683960.5854930903,1651762.5152750434,32198.070218046894,1.9120441710705947
1608227.8172436014,1736421.8038145492,-128193.9865709478,7.971133517057553
2112417.074717555,2251697.774154197,-139280.69943664176,6.593428026293744
2052900.0017120964,1895621.6380204642,157278.36369163217,7.661277391030431
2055751.7333135924,2036805.162142046,18946.571171546355,0.9216371249755464
1408406.8937628227,1504009.418110884,-95602.5243480613,6.787990372060822
2382034.820244496,2221099.342747393,160935.47749710316,6.75621851239708
1192131.828018256,1459100.824157529,-266968.99613927305,22.394251194775144
1804113.0598630952,1850611.547059233,-46498.487196137896,2.577359935505729
1240218.614867702,1444321.194613074,-204102.57974537206,16.456984058987402
2363096.1903372467,2277701.4280487243,85394.76228852244,3.6136811797041326
1569660.1403781974,1726596.333204536,-156936.19282633858,9.998100148515334
1306512.3031714112,1483813.4475570167,-177301.14438560558,13.570568295088156
1465539.939627511,1610378.1694229015,-144838.2297953905,9.8829261406689
1217087.503475331,1113730.209456476,103357.29401885509,8.492182667534061
1542942.1348744466,1763922.4773503817,-220980.34247593512,14.322011012675917
1691538.131587712,1708251.9632685815,-16713.83168086945,0.9880848305312224
1737925.6556778434,1777785.883604004,-39860.227926160675,2.2935519592530547
1607291.8599559204,1584926.8933446747,22364.966611245647,1.3914689154127242
1012507.0209125248,1152504.0259548966,-139997.0050423718,13.826768817484258
1441215.6341502124,1373745.1440396667,67470.49011054565,4.681498626007373
2064769.114775633,2054591.0270342052,10178.087741427822,0.4929407200346378
1837243.5838292728,1711548.6435589504,125694.94027032237,6.8414956719208035
2054563.3462393824,2248594.903792192,-194031.55755280983,9.443931622160006
1471645.653198185,1551641.096486772,-79995.44328858703,5.435781576546004
1521898.0395543105,1563480.3000923314,-41582.26053802087,2.732263230340863
1369806.1552164904,1406756.6337082179,-36950.478491727496,2.697496894068758
1589115.0219846086,1485646.4266285764,103468.59535603225,6.511082830669661
2090294.236661987,2154388.0856726975,-64093.849010710604,3.066259662709627
1716619.8710292715,1680726.7648955588,35893.10613371269,2.090917549043136
1377690.7693504866,1410760.0887338612,-33069.31938337465,2.400344120688651
1999268.570102252,1902083.5491462,97185.020956052,4.8610287987011915
1787103.272721062,1630868.9913101015,156234.28141096048,8.74231969667184
1597967.858884824,1753303.535948896,-155335.6770640721,9.720826123028308
1749743.847361047,1705153.4711379006,44590.37622314645,2.548394514454066
1828302.6428535248,1885476.2194261986,-57173.57657267386,3.127139633919697
1917819.4290862165,1912232.0588424443,5587.370243772166,0.29133974549597613
2156619.812586343,2086680.9688833507,69938.84370299219,3.2429843820788
1935202.283375181,2043112.125387001,-107909.84201182006,5.576153094632298
1798516.9196264655,1861523.1689426638,-63006.249316198286,3.503233615910829
1924160.3365355907,1892203.5398255456,31956.796710045077,1.660817765716063
1880121.8694442369,1915820.4334560328,-35698.56401179591,1.8987367038259275
2058968.9639683096,2227927.0034630466,-168958.03949473705,8.205953681258963
1604362.471237453,1735250.6014049938,-130888.13016754086,8.158264264719817
2459300.6702602915,2423115.829679714,36184.8405805775,1.4713467539025111
1220190.7009170612,1232540.101093878,-12349.400176816853,1.0120877144478637
2358499.3431026265,2365278.9103633375,-6779.567260710988,0.28745258210640023
1302211.397091479,1377167.1088736127,-74955.71178213367,5.756032541993496
2097575.502572083,2144221.3512627697,-46645.84869068675,2.2237983154117127
1988917.0353577,1992739.187479914,-3822.152122213971,0.19217252677040747
1488990.4493143435,1494452.9045890379,-5462.455274694366,0.366856300334884
1293249.5799084052,1266581.9745159543,26667.605392450932,2.0620617865841235
1878915.7234351223,1701129.2882792812,177786.43515584106,9.462182520395514
2321408.587991609,2233840.3542208485,87568.23377076024,3.7722025421867174
1376328.1856648754,1412281.2922909483,-35953.1066260729,2.6122480815652773
2641375.192870646,2546145.420353492,95229.772517154,3.605310323735505
1791833.4001520935,1838680.1558625891,-46846.755710495636,2.614459341282466
1312995.0184943853,1541534.6472324869,-228539.62873810157,17.405978356274996
2850493.1665206184,2583999.299835617,266493.8666850012,9.349044222066672
1911574.327643592,2074710.1120203566,-163135.78437676467,8.53410626087781
2404386.251756499,2234099.719467756,170286.53228874318,7.08232848047364
2160705.433185104,2181912.691169923,-21207.257984819356,0.9814969527594355
2229617.469103293,2451494.8750698124,-221877.40596651938,9.951366503051036
1767499.426411036,1616240.6406389817,151258.78577205422,8.55778415041356
1416585.44439163,1268598.444245982,147987.0001456479,10.446740133575405
1854700.9116103936,1722057.75038304,132643.16122735362,7.151727828298885
2221246.204507584,2085086.7144457558,136159.4900618284,6.129869340261308
2112212.85975564,2148839.8971949625,-36627.037439322565,1.7340599585005798
1512093.214750606,1607674.8968887343,-95581.6821381282,6.321150125251555
1938197.571717217,2033727.2025451073,-95529.63082789024,4.928787045339876
1776973.5097177487,1858765.9619573697,-81792.45223962096,4.602907797573906
1886686.0575612648,1881795.6546863848,4890.402874880005,0.259205968861685
2416818.282344053,2373515.6005517757,43302.68179227738,1.7917227004042044
1385638.4329484804,1566609.4959840528,-180971.0630355724,13.060482354728473
2123029.023910714,2087925.7994019892,35103.22450872464,1.6534500524191111
1690038.0335038933,1873894.0928143486,-183856.05931045534,10.87881193592273
1697882.4917704077,1710909.6176959807,-13027.125925573055,0.7672572153087859
1093517.9053141722,1197863.6062466581,-104345.70093248598,9.542203234660986
1049313.7263745165,1192084.0604094905,-142770.334034974,13.606067513122097
2340287.776284296,2085087.1469787129,255200.6293055832,10.90466872885045
1614501.498407435,1454349.889550189,160151.60885724588,9.919570159285792
2117829.181297158,2075261.4143501152,42567.76694704266,2.009971688130681
1968193.1625443844,1918074.942485338,50118.22005904629,2.5464075890933335
1886539.417928458,2027843.4630277802,-141304.04509932222,7.490118878856143
1880273.3180277448,1894674.5627771004,-14401.244749355596,0.765912307071471
1865127.1535450595,1944085.1812091947,-78958.02766413521,4.233385778232822
1965803.1056067783,2082660.8802615695,-116857.77465479122,5.94453098184119
2168951.591310541,2116804.546041381,52147.045269160066,2.404251228016175
2028465.354769456,1825721.470999402,202743.88377005397,9.99493943997366
1884284.9915288223,1878363.6507430598,5921.340785762528,0.31424868384469934
1725800.41166757,1790721.371540941,-64920.95987337106,3.7617884104362105
1935468.855447597,2153126.990027733,-217658.13458013604,11.245757531438054
1919533.882992005,1825088.9470086284,94444.93598337658,4.920201556232177
1607214.7045893078,1672353.7294301298,-65139.02484082198,4.052913693162544
2136696.3190370565,2003260.5734595675,133435.74557748903,6.244956028080978
2136619.188046941,2049067.717510167,87551.47053677402,4.097663777736819
2392224.071663116,2442482.797396015,-50258.725732898805,2.1009204918650477
2017765.5517090329,1829995.5422207206,187770.0094883123,9.30583879426787
2265662.879336387,2438086.071278804,-172423.19194241706,7.610275717317655
1116129.22320854,1264348.0250189328,-148218.80181039288,13.279716965416233
1597154.332917406,1549828.5901611657,47325.7427562403,2.9631289713745947
2012078.035697497,1899336.8796298911,112741.15606760583,5.603219858643482
1497345.188116399,1625720.8826840078,-128375.69456760865,8.5735537527656
2286249.8317693914,2260082.2406393318,26167.591130059678,1.144563939007832
2155577.04644312,2203577.019360335,-47999.97291721497,2.226780666291603
2242233.034470979,2117348.4499242706,124884.5845467085,5.569652334382502
1913801.465679536,1835359.4411451896,78442.02453434654,4.098754543825893
1305922.837156484,1248391.1424719412,57531.694684542716,4.405443648555241
2318111.868339708,2244540.551496826,73571.31684288196,3.1737604145729024
1853455.5624663185,1930992.6752138834,-77537.11274756491,4.183381264581785
2237915.5997299766,2203242.3516507414,34673.2480792352,1.5493545906476016
2193713.106276038,2210962.731912696,-17249.6256366577,0.7863209454011054
2320485.7245706483,2256446.5983090186,64039.12626162963,2.759729378360152
2238481.8387456825,2191250.188671949,47231.65007373365,2.1099858509551086
2175852.87112923,2163291.735194551,12561.135934679303,0.577297118814853
2086709.5401724188,2097046.0775006593,-10336.537328240462,0.4953510361286978
1905336.47872553,1914162.2565869237,-8825.777861393755,0.46321360872160877
1473472.8172167852,1536610.528188923,-63137.71097213775,4.28495933107184
2425067.128003701,2285017.9832747933,140049.14472890785,5.775062599780294
1820692.6089827728,1872830.3860110037,-52137.77702823095,2.863623259137659
1542296.7061435226,1496935.8357956896,45360.87034783303,2.941124763292586
2257401.863853185,2369826.0745375403,-112424.21068435535,4.980247978198139
2139632.4609305216,2168395.02492594,-28762.563995418604,1.3442759221791685
1817846.2094258692,1854819.0099920556,-36972.80056618643,2.033879454404647
1575061.0224358048,1652157.5632370182,-77096.54080121336,4.894828816345469
1148793.4481017552,1433311.2381559978,-284517.7900542426,24.7666619725569
1822519.379185152,1737665.4733482564,84853.90583689557,4.6558575346855156
1839195.2329020752,1902699.30001717,-63504.067115094746,3.452818166285227
1670964.2858506048,1760619.9631486891,-89655.67729808437,5.36550529878292
2597678.806744921,2504909.4718601727,92769.33488474833,3.5712396253097585
2025679.9346393524,2136731.837413572,-111051.9027742194,5.48220382081194
1948988.3855696092,1878321.6183159007,70666.76725370856,3.6258177717696127
1576936.3837459208,1610600.1920850545,-33663.808339133626,2.1347600756834084
2349947.6636149483,2319098.3298628656,30849.33375208266,1.3127668428422283
2236835.1857210454,2174320.500461911,62514.68525913451,2.7947828100255343
1403971.8818510966,1454412.8916364592,-50441.00978536252,3.592736466976639
1896005.080771993,1971411.7922378,-75406.71146580717,3.977136571548846
1713475.3922977918,1723822.889199134,-10347.49690134218,0.6038894370969669
1509499.3523322416,1595101.5991037718,-85602.24677153025,5.6709031798702725
2303489.87924639,2280967.659325489,22522.219920901116,0.9777433851052773
1830584.5475975608,1827471.530151489,3113.017446071841,0.17005592285575288
2609048.447944774,2545137.0967032653,63911.3512415085,2.449603850470979
1525448.2146406083,1639759.3326118295,-114311.11797122122,7.493608558724666
1940543.95570644,1929520.7893332555,11023.166373184416,0.5680451783000978
1699154.811923274,1613479.133776938,85675.678146336,5.042252627314144
1482336.4081695375,1447014.1695370227,35322.23863251484,2.382876008296422
2183929.3233137964,2202595.7811963414,-18666.457882544957,0.8547189546510283
2549168.474777841,2571705.719308408,-22537.244530566968,0.8841018062774795
1657103.1804712513,1682364.5384389076,-25261.35796765634,1.52442879027439
1808796.7336396335,2031517.9078305082,-222721.17419087468,12.313222931507537
2019297.1138931075,1916486.824770704,102810.2891224036,5.091389890821481
2055389.6902167965,1963582.4009037996,91807.2893129969,4.466660981612365
2538634.0900018774,2469940.7998880516,68693.29011382582,2.7059153733248347
1625093.7394709652,1693070.8006952074,-67977.0612242422,4.182962469990902
1991562.4575230696,2091344.2489667125,-99781.79144364293,5.01022657194205
2067736.2312938976,2030231.7685455608,37504.46274833684,1.813793373677464
1447613.4836640875,1444307.621576209,3305.8620878783986,0.22836635090679425
1529387.958758125,1384067.4135807767,145320.54517734842,9.501875854662138
1998597.771858193,1950021.494917041,48576.27694115206,2.430517917369053
2121819.167917352,2159786.722072606,-37967.554155253805,1.7893868963640494
1648560.271446181,1611307.2723402877,37252.99910589331,2.2597292771839963
2059411.8428270896,2180039.214752697,-120627.37192560732,5.857370022696102
2063251.3325634596,1991751.091685117,71500.24087834265,3.4654159553847528
1604322.1357781552,1802114.732006878,-197792.59622872272,12.32873322743166
2096235.4212606384,2171042.3609560383,-74806.93969539995,3.568632556090117
1865791.8949980864,2049668.7195821374,-183876.82458405104,9.855162576115683
2264344.1889173,2228817.4131623567,35526.77575494349,1.5689653511523207
1651830.0731979674,1700480.6226272874,-48650.54942932003,2.9452514649483197
1938094.3304224587,1911050.4834094408,27043.84701301786,1.395383423216709
2121398.220961134,2283274.199301242,-161875.97834010795,7.630626665971625
2804730.539981829,2707939.3122722525,96791.22770957649,3.4509991719277093
1750903.4737133957,1668391.8610429273,82511.6126704684,4.7125163613659415
1604698.4571758406,1638060.5019853334,-33362.04480949277,2.0790226762109363
1736445.4502060418,1696869.3241084728,39576.12609756901,2.279145946846359
1982178.8976518512,2094241.5439888313,-112062.64633698016,5.653508190897045
1813252.9299186463,1691292.3149121534,121960.61500649294,6.726067444543704
1353447.8735193578,1386633.6628177525,-33185.789298394695,2.4519443968020727
1791191.8221289653,1796389.6364019008,-5197.814272935502,0.29018747231424447
1500249.410021695,1425273.406264958,74976.0037567371,4.9975692878728
1855776.357513328,1893053.6440047158,-37277.28649138776,2.008716532057664
2390150.560538191,2306992.4539836347,83158.10655455617,3.479199508495876
2264149.8524687947,2161804.979692461,102344.87277633371,4.520234058922311
1811339.471358261,1606380.6602828817,204958.81107537937,11.315317438629426
1629096.709160653,1678288.5601380044,-49191.85097735142,3.019578316053205
2466911.593687061,2379363.6592424447,87547.93444461655,3.5488881996685935
2478269.360173764,2414094.091508707,64175.26866505714,2.5895195129458197
1482967.5200176232,1702715.8765228705,-219748.3565052473,14.818150332964533
2179502.651574861,2102259.1095421063,77243.54203275451,3.544090298625699
1993690.9262568743,2061498.5905442866,-67807.6642874123,3.401112148045946
1346132.5480226574,1427525.8933523018,-81393.34532964439,6.046458459770815
1601812.860035347,1699047.6535680625,-97234.79353271541,6.0702967218386386
1698618.1235789473,1890618.0808563235,-191999.9572773762,11.30330323291482
1534096.3371596795,1613022.8158999078,-78926.47874022834,5.144818928800631
1919537.4159897647,2079014.2276497807,-159476.81166001596,8.30808560081052
1497202.106534387,1645812.254760147,-148610.1482257601,9.925857543024161
1203673.6796057834,1322680.4808471506,-119006.80124136712,9.886965483896198
1334062.7976275391,1366132.5973942012,-32069.799766662065,2.403919802253246
2372515.9900736143,2325749.2167713232,46766.773302291054,1.9711889613371996
2192325.557561144,2303179.9998955415,-110854.44233439723,5.056477216719465
1869527.5299235585,1712104.483349543,157423.0465740154,8.420472234525059
1730932.4888595038,1819720.5264270178,-88788.037567514,5.129491654871858
2073682.148982376,2171485.691490382,-97803.54250800586,4.716419175233836
1318921.9179972797,1367076.906501962,-48154.988504682435,3.6510871377286307
2325851.429309759,2287997.1586494204,37854.27066033846,1.6275446566925575
1891078.5801955345,1825164.6437975047,65913.9363980298,3.485520754574588
2278154.8452507337,2288506.76567761,-10351.920426876284,0.454399333234829
1762631.5793234643,1905480.303035668,-142848.7237122038,8.104287100485978
2102471.0083831395,2038452.2000075902,64018.80837554927,3.0449318026402454
1872251.9255944013,1799306.67450586,72945.25108854123,3.8961237049005906
1637786.0159358531,1646074.8353656407,-8288.819429787574,0.5060990476861064
1861583.1976280052,1810259.9949972206,51323.202630784595,2.7569652914884313
1578259.4232685464,1384969.3503760947,193290.07289245166,12.247040634938928
1200171.4138531927,1403695.9061414008,-203524.4922882081,16.95795200077175
1506144.90245446,1447853.0766676767,58291.82578678336,3.8702667779035873
